SupplierID,Name,Address,City,State,Zip
1,Teleconstructors Incoporated.,Zylina Cox; 2161 Chalmers Street,Salinas,CA,93905
2,Sinclair Broadcast Limited.,Carla Shelby; 6037 Ecuadorian Street,Clinton,MI,49236
3,Red Hills Corporation,Edena Gilbert; 1618 Greenland Street,Tallahassee,FL,32304
4,Immulex Corporation ,Elbert Glad; 5841 Pervades Drive,Fairfax,VA,22035
5,Pound General Corporation ,Antoinette Hickey; 3988 Chanced Avenue,Middleton,PA,17007
6,Stratton Oakmont,Jensine Lease; 11885 Aural Turnpike,Louisville,KY,40253
7,USA Industries Incoporated.,Dorothy Polk; 5377 Cookbook Circle,Vero Beach,FL,32967
8,American Ventures Incoporated.,Kimberly Yarborough; 1616 Goggles Drive,Sterling,KS,67579
9,Hardman Pearson Corporation ,Virgil Hubert; 7844 Carelessly Drive,Overlook,WA,98366
10,Saurer Group Holding Ag,Pearce Valdez; 3727 Elms Drive,South Saint Paul,MN,55077
